time_s,time_h,signal_clean,signal_noisy,signal_noisy_resolved
0.0,0.0,0.0,,
20.0,0.005555555555555556,0.07460696614945643,,
40.0,0.011111111111111112,0.1445261022305146,,
60.0,0.016666666666666666,0.2053641317786066,,
80.0,0.022222222222222223,0.25329837765060453,-0.2643930127957508,-0.0
100.0,0.027777777777777776,0.285316954888546,-0.023108616496317385,-0.0
120.0,0.03333333333333333,0.2994080185284815,0.10939934140607704,0.0
140.0,0.03888888888888889,0.2946861752186066,0.2707478113748546,0.0
160.0,0.044444444444444446,0.2714481157398058,0.18443855855295008,0.0
180.0,0.05,0.23115397283273675,0.4036049654728116,0.0
200.0,0.05555555555555555,0.17633557568774197,0.28732906234898137,0.0
220.0,0.06111111111111111,0.11043736580540332,0.14742468372530912,0.0
240.0,0.06666666666666667,0.03759997006929123,-0.010565969776751283,-0.0
260.0,0.07222222222222222,-0.037599970069291284,-0.04230924836552816,-0.0
280.0,0.07777777777777778,-0.11043736580540338,-0.19087619011797366,-0.0
300.0,0.08333333333333333,-0.176335575687742,-0.491142031427843,-0.0
320.0,0.08888888888888889,-0.2311539728327368,-0.6368256612040748,-1.0
340.0,0.09444444444444444,-0.2714481157398058,-0.6384364378737165,-1.0
360.0,0.1,-0.2946861752186066,-0.7205222552148621,-1.0
380.0,0.10555555555555556,-0.2994080185284815,-0.6989476566931933,-1.0
400.0,0.1111111111111111,-0.2853169548885461,-0.5292589519417951,-1.0
420.0,0.11666666666666667,-0.2532983776506045,-0.3132702478615681,-0.0
440.0,0.12222222222222222,-0.2053641317786065,-0.4378236842001132,-0.0
460.0,0.12777777777777777,-0.1445261022305146,-0.21600018473105737,-0.0
480.0,0.13333333333333333,-0.07460696614945635,0.0053763631888949425,0.0
500.0,0.1388888888888889,-7.347880794884119e-17,-0.02581381316513863,-0.0
520.0,0.14444444444444443,0.07460696614945646,-0.006724682585953598,-0.0
540.0,0.15,0.14452610223051468,-0.0052595373748460916,-0.0
560.0,0.15555555555555556,0.20536413177860657,0.12736545444594322,0.0
580.0,0.16111111111111112,0.25329837765060453,0.11624959468064351,0.0
600.0,0.16666666666666666,0.28531695488854614,0.12052651706593892,0.0
620.0,0.17222222222222222,0.2994080185284815,0.23770335808104098,0.0
640.0,0.17777777777777778,0.29468617521860657,0.08182188060494255,0.0
660.0,0.18333333333333332,0.27144811573980576,0.13974667303329655,0.0
680.0,0.18888888888888888,0.2311539728327369,0.21244601747896266,0.0
700.0,0.19444444444444445,0.176335575687742,0.25275119314037675,0.0
720.0,0.2,0.11043736580540339,0.24318750745824255,0.0
740.0,0.20555555555555555,0.037599970069291166,0.13519288336805793,0.0
760.0,0.2111111111111111,-0.03759997006929148,0.1534151044016992,0.0
780.0,0.21666666666666667,-0.11043736580540367,-0.06378853603606617,-0.0
800.0,0.2222222222222222,-0.17633557568774183,-0.1801123323025566,-0.0
820.0,0.22777777777777777,-0.23115397283273675,-0.32199686171514746,-0.0
840.0,0.23333333333333334,-0.2714481157398059,-0.2971218831935369,-0.0
860.0,0.2388888888888889,-0.2946861752186066,-0.2917745406356705,-0.0
880.0,0.24444444444444444,-0.2994080185284814,-0.19341126167199194,-0.0
900.0,0.25,-0.28531695488854614,-0.3523597505123694,-0.0
920.0,0.25555555555555554,-0.25329837765060453,-0.39693643707518356,-0.0
940.0,0.2611111111111111,-0.20536413177860655,-0.3153972168524855,-0.0
960.0,0.26666666666666666,-0.14452610223051443,-0.11621280248623655,-0.0
980.0,0.2722222222222222,-0.07460696614945617,0.08472576229075857,0.0
1000.0,0.2777777777777778,-1.4695761589768238e-16,0.24460382542361098,0.0
1020.0,0.2833333333333333,0.07460696614945639,0.14886590823536236,0.0
1040.0,0.28888888888888886,0.14452610223051462,0.28452994781794033,0.0
1060.0,0.29444444444444445,0.2053641317786067,0.3513891758265145,0.0
1080.0,0.3,0.25329837765060464,0.5652212656637244,1.0
1100.0,0.3055555555555556,0.285316954888546,0.8361713237325034,1.0
1120.0,0.3111111111111111,0.2994080185284815,0.6039197844564436,1.0
1140.0,0.31666666666666665,0.29468617521860657,0.552473243154572,1.0
1160.0,0.32222222222222224,0.2714481157398058,0.6205026690231381,1.0
1180.0,0.3277777777777778,0.2311539728327366,0.5768138674067259,1.0
1200.0,0.3333333333333333,0.17633557568774164,0.6447853573954447,1.0
1220.0,0.3388888888888889,0.11043736580540346,0.5531138526558784,1.0
1240.0,0.34444444444444444,0.03759997006929124,0.27963289526183527,0.0
1260.0,0.35,-0.03759997006929141,0.18863953489523416,0.0
1280.0,0.35555555555555557,-0.1104373658054036,0.07847012565660864,0.0
1300.0,0.3611111111111111,-0.17633557568774177,0.2811773180091085,0.0
1320.0,0.36666666666666664,-0.23115397283273703,0.35438012311457256,0.0
1340.0,0.37222222222222223,-0.2714481157398059,0.2897104997071023,0.0
1360.0,0.37777777777777777,-0.2946861752186065,0.12836942105104823,0.0
1380.0,0.38333333333333336,-0.2994080185284815,0.07107626343717648,0.0
1400.0,0.3888888888888889,-0.28531695488854614,0.17049010014031563,0.0
1420.0,0.39444444444444443,-0.25329837765060426,0.19621056287348435,0.0
1440.0,0.4,-0.2053641317786066,0.24522082399827352,0.0
1460.0,0.40555555555555556,-0.14452610223051401,0.21627700356463414,0.0
1480.0,0.4111111111111111,-0.07460696614945622,0.14580125873707755,0.0
1500.0,0.4166666666666667,-2.2043642384652356e-16,0.0954108600981215,0.0
1520.0,0.4222222222222222,0.07460696614945683,0.02694609032334925,0.0
1540.0,0.42777777777777776,0.14452610223051457,0.2342838276195679,0.0
1560.0,0.43333333333333335,0.20536413177860705,0.3041913187999596,0.0
1580.0,0.4388888888888889,0.2532983776506046,0.23402957860639864,0.0
1600.0,0.4444444444444444,0.28531695488854597,0.37856869470666027,0.0
1620.0,0.45,0.2994080185284815,0.3696599945762855,0.0
1640.0,0.45555555555555555,0.2946861752186066,0.30862699526075654,0.0
1660.0,0.46111111111111114,0.2714481157398056,0.23639869629683627,0.0
1680.0,0.4666666666666667,0.23115397283273664,0.2896943876341516,0.0
1700.0,0.4722222222222222,0.17633557568774214,0.22220389704201138,0.0
1720.0,0.4777777777777778,0.11043736580540302,0.07964477123272884,0.0
1740.0,0.48333333333333334,0.03759997006929132,-0.04696987476367265,-0.0
1760.0,0.4888888888888889,-0.03759997006929186,-0.15182791395788783,-0.0
1780.0,0.49444444444444446,-0.11043736580540355,-0.28360415351754115,-0.0
1800.0,0.5,-0.17633557568774175,-0.3200311867948019,-0.0
1820.0,0.5055555555555555,-0.231153972832737,-0.25565513583116084,-0.0
1840.0,0.5111111111111111,-0.2714481157398058,-0.20865905031191417,-0.0
1860.0,0.5166666666666667,-0.2946861752186067,-0.25627945112309863,-0.0
1880.0,0.5222222222222223,-0.2994080185284815,-0.10364337547143031,-0.0
1900.0,0.5277777777777778,-0.28531695488854614,-0.019730735147321272,-0.0
1920.0,0.5333333333333333,-0.2532983776506043,-0.11528898771337352,-0.0
1940.0,0.5388888888888889,-0.20536413177860666,-0.01748324165379256,-0.0
1960.0,0.5444444444444444,-0.14452610223051407,-0.02775712024377886,-0.0
1980.0,0.55,-0.0746069661494563,-0.00814721600691033,-0.0
2000.0,0.5555555555555556,-2.9391523179536476e-16,0.10199871093137025,0.0
2020.0,0.5611111111111111,0.07460696614945676,0.23506210009978604,0.0
2040.0,0.5666666666666667,0.1445261022305145,0.29519642040727917,0.0
2060.0,0.5722222222222222,0.20536413177860702,0.19805153655742652,0.0
2080.0,0.5777777777777777,0.2532983776506046,0.17759964333488013,0.0
2100.0,0.5833333333333334,0.28531695488854597,0.3571286058791427,0.0
2120.0,0.5888888888888889,0.2994080185284815,0.32198664060813065,0.0
2140.0,0.5944444444444444,0.2946861752186066,0.4408776718504367,0.0
2160.0,0.6,0.27144811573980565,0.38023834695663844,0.0
2180.0,0.6055555555555555,0.2311539728327367,0.17352586079134558,0.0
2200.0,0.6111111111111112,0.1763355756877422,0.012838567443220582,0.0
2220.0,0.6166666666666667,0.11043736580540309,-0.016812640010187976,-0.0
2240.0,0.6222222222222222,0.03759997006929138,0.038787903587434815,0.0
2260.0,0.6277777777777778,-0.03759997006929179,0.08998269066293355,0.0
2280.0,0.6333333333333333,-0.11043736580540348,0.002961315090469004,0.0
2300.0,0.6388888888888888,-0.17633557568774166,-0.02494663168677537,-0.0
2320.0,0.6444444444444445,-0.23115397283273698,-0.05877129002391701,-0.0
2340.0,0.65,-0.2714481157398058,0.0827744574183975,0.0
2360.0,0.6555555555555556,-0.2946861752186067,0.03491915758221839,0.0
2380.0,0.6611111111111111,-0.2994080185284815,0.0211991102234397,0.0
2400.0,0.6666666666666666,-0.28531695488854586,0.04227388717689467,0.0
2420.0,0.6722222222222223,-0.25329837765060437,0.10649527825016218,0.0
2440.0,0.6777777777777778,-0.2053641317786067,0.1414005715464341,0.0
2460.0,0.6833333333333333,-0.14452610223051415,0.3312350937094625,0.0
2480.0,0.6888888888888889,-0.07460696614945637,0.4444067176700657,0.0
2500.0,0.6944444444444444,6.984200638959443e-16,0.41737638483507666,0.0
2520.0,0.7,0.0746069661494567,0.3993073389404099,0.0
2540.0,0.7055555555555556,0.14452610223051443,0.37857011443229344,0.0
2560.0,0.7111111111111111,0.20536413177860693,0.48221344990869497,0.0
2580.0,0.7166666666666667,0.25329837765060453,0.4021114695486812,0.0
2600.0,0.7222222222222222,0.28531695488854597,0.3481280349482604,0.0
2620.0,0.7277777777777777,0.29940801852848137,0.43947593622491127,0.0
2640.0,0.7333333333333333,0.29468617521860646,0.2949075742320119,0.0
2660.0,0.7388888888888889,0.27144811573980565,0.30016897305818796,0.0
2680.0,0.7444444444444445,0.23115397283273673,0.3616286457580118,0.0
2700.0,0.75,0.17633557568774227,0.3230857807741134,0.0
2720.0,0.7555555555555555,0.11043736580540416,0.36145211609148126,0.0
2740.0,0.7611111111111111,0.0375999700692904,0.2891363946879822,0.0
2760.0,0.7666666666666667,-0.037599970069291715,0.2974090324732787,0.0
2780.0,0.7722222222222223,-0.1104373658054034,0.17104452801861486,0.0
2800.0,0.7777777777777778,-0.1763355756877416,-0.0012032083281747917,-0.0
2820.0,0.7833333333333333,-0.23115397283273756,0.11342582599416068,0.0
2840.0,0.7888888888888889,-0.2714481157398062,-0.11242983384317257,-0.0
2860.0,0.7944444444444444,-0.2946861752186067,-0.21522051230868702,-0.0
2880.0,0.8,-0.2994080185284815,-0.25288175437491833,-0.0
2900.0,0.8055555555555556,-0.2853169548885462,-0.23456526531535982,-0.0
2920.0,0.8111111111111111,-0.2532983776506038,-0.20064270564730177,-0.0
2940.0,0.8166666666666667,-0.205364131778606,-0.1456779170118349,-0.0
2960.0,0.8222222222222222,-0.1445261022305142,-0.1047917014561285,-0.0
2980.0,0.8277777777777777,-0.07460696614945644,-0.21631161740477226,-0.0
3000.0,0.8333333333333334,-4.408728476930471e-16,-0.34171289073893085,-0.0
3020.0,0.8388888888888889,0.07460696614945765,-0.06988459926736307,-0.0
3040.0,0.8444444444444444,0.14452610223051532,-0.07323075270976492,-0.0
3060.0,0.85,0.20536413177860688,-0.1628275400611559,-0.0
3080.0,0.8555555555555555,0.25329837765060453,-0.17264370067464851,-0.0
3100.0,0.8611111111111112,0.2853169548885459,-0.18199450875998124,-0.0
3120.0,0.8666666666666667,0.29940801852848153,-0.16735200879612952,-0.0
3140.0,0.8722222222222222,0.29468617521860646,-0.03490698643950284,-0.0
3160.0,0.8777777777777778,0.2714481157398057,0.21832155321429741,0.0
3180.0,0.8833333333333333,0.23115397283273675,0.21156985080459764,0.0
3200.0,0.8888888888888888,0.17633557568774233,0.03207906313810552,0.0
3220.0,0.8944444444444445,0.11043736580540224,-0.02829709396762091,-0.0
3240.0,0.9,0.03759997006929048,0.06267495196359435,0.0
3260.0,0.9055555555555556,-0.037599970069291645,0.012983100408267988,0.0
3280.0,0.9111111111111111,-0.11043736580540334,0.13633555997110858,0.0
3300.0,0.9166666666666666,-0.17633557568774152,0.06724054754977266,0.0
3320.0,0.9222222222222223,-0.23115397283273753,-0.02923791332266617,-0.0
3340.0,0.9277777777777778,-0.2714481157398062,-0.04241538352290925,-0.0
3360.0,0.9333333333333333,-0.2946861752186067,0.11400721720339203,0.0
3380.0,0.9388888888888889,-0.2994080185284815,0.09944091182424077,0.0
3400.0,0.9444444444444444,-0.2853169548885462,0.13700939314212918,0.0
3420.0,0.95,-0.25329837765060387,0.02860307619915529,0.0
3440.0,0.9555555555555556,-0.20536413177860605,0.0551651928267007,0.0
3460.0,0.9611111111111111,-0.14452610223051426,-0.07974452526367835,-0.0
3480.0,0.9666666666666667,-0.07460696614945651,-0.017650567096986505,-0.0
3500.0,0.9722222222222222,-5.143516556418883e-16,0.01563336834831448,0.0
3520.0,0.9777777777777777,0.07460696614945758,-0.041355656354515366,-0.0
3540.0,0.9833333333333333,0.14452610223051524,-0.2797557888305251,-0.0
3560.0,0.9888888888888889,0.20536413177860685,-0.20226079522786514,-0.0
3580.0,0.9944444444444445,0.2532983776506044,-0.05160271563114368,-0.0
3600.0,1.0,0.28531695488854586,0.04326780988205666,0.0
3620.0,1.0055555555555555,0.29940801852848153,0.11453640085709682,0.0
3640.0,1.011111111111111,0.29468617521860646,0.14766683063583735,0.0
3660.0,1.0166666666666666,0.2714481157398057,-0.02559327786605266,-0.0
3680.0,1.0222222222222221,0.23115397283273684,-0.037648044188777624,-0.0
3700.0,1.0277777777777777,0.17633557568774236,-0.1628512885988086,-0.0
3720.0,1.0333333333333334,0.11043736580540231,-0.09060223580805585,-0.0
3740.0,1.038888888888889,0.03759997006929055,-0.14313640893472845,-0.0
3760.0,1.0444444444444445,-0.03759997006929157,-0.1940972679789691,-0.0
3780.0,1.05,-0.11043736580540327,-0.11044595564003733,-0.0
3800.0,1.0555555555555556,-0.17633557568774147,-0.02362633921451439,-0.0
3820.0,1.0611111111111111,-0.2311539728327375,-0.013816306500032774,-0.0
3840.0,1.0666666666666667,-0.27144811573980615,0.03262131601821586,0.0
3860.0,1.0722222222222222,-0.2946861752186066,0.035586347332293794,0.0
3880.0,1.0777777777777777,-0.2994080185284815,0.20838134347096504,0.0
3900.0,1.0833333333333333,-0.28531695488854625,0.2795170099310398,0.0
3920.0,1.0888888888888888,-0.2532983776506039,0.3531099769681623,0.0
3940.0,1.0944444444444446,-0.20536413177860607,0.18691139242083427,0.0
3960.0,1.1,-0.14452610223051435,0.1992201291604615,0.0
3980.0,1.1055555555555556,-0.07460696614945658,0.13867149424020023,0.0
4000.0,1.1111111111111112,-5.878304635907295e-16,0.08547302919701853,0.0
4020.0,1.1166666666666667,0.07460696614945751,0.23486877897789948,0.0
4040.0,1.1222222222222222,0.14452610223051518,0.3101730560492842,0.0
4060.0,1.1277777777777778,0.20536413177860677,0.2712954238215049,0.0
4080.0,1.1333333333333333,0.2532983776506044,0.2252645372415873,0.0
4100.0,1.1388888888888888,0.28531695488854586,-0.004194901984906845,-0.0
4120.0,1.1444444444444444,0.29940801852848153,0.12156959678304553,0.0
4140.0,1.15,0.29468617521860646,0.05599985771023747,0.0
4160.0,1.1555555555555554,0.2714481157398057,0.0200452562418867,0.0
4180.0,1.1611111111111112,0.2311539728327369,0.030644151742193988,0.0
4200.0,1.1666666666666667,0.17633557568774244,-0.14645168812481357,-0.0
4220.0,1.1722222222222223,0.11043736580540238,-0.1465184021510152,-0.0
4240.0,1.1777777777777778,0.03759997006929062,-0.32154665306892166,-0.0
4260.0,1.1833333333333333,-0.0375999700692915,-0.3898700485642936,-0.0
4280.0,1.1888888888888889,-0.11043736580540318,-0.3589020048157507,-0.0
4300.0,1.1944444444444444,-0.17633557568774144,-0.4733148579721387,-0.0
4320.0,1.2,-0.23115397283273742,-0.4936007641072706,-0.0
4340.0,1.2055555555555555,-0.27144811573980615,-0.5064007592832325,-1.0
4360.0,1.211111111111111,-0.2946861752186066,-0.7013126196504962,-1.0
4380.0,1.2166666666666666,-0.2994080185284815,-0.6125263996735073,-1.0
4400.0,1.2222222222222223,-0.28531695488854625,-0.6860712290483486,-1.0
4420.0,1.2277777777777779,-0.2532983776506039,-0.3576934205649128,-0.0
4440.0,1.2333333333333334,-0.20536413177860616,-0.4323837605656284,-0.0
4460.0,1.238888888888889,-0.1445261022305144,-0.4508925571463746,-0.0
4480.0,1.2444444444444445,-0.07460696614945667,-0.3683900673645883,-0.0
4500.0,1.25,-6.613092715395707e-16,-0.26452645313691114,-0.0
4520.0,1.2555555555555555,0.07460696614945744,-0.303585092838495,-0.0
4540.0,1.261111111111111,0.1445261022305151,-0.13599354508175496,-0.0
4560.0,1.2666666666666666,0.20536413177860674,-0.04033008266970953,-0.0
4580.0,1.2722222222222221,0.25329837765060437,0.002679734543903356,0.0
4600.0,1.2777777777777777,0.28531695488854586,-0.08469459161071807,-0.0
4620.0,1.2833333333333334,0.29940801852848153,0.038136112655314414,0.0
4640.0,1.288888888888889,0.29468617521860646,0.16252135059620723,0.0
4660.0,1.2944444444444445,0.27144811573980576,0.1754702104603941,0.0
4680.0,1.3,0.23115397283273692,0.053754019322580976,0.0
4700.0,1.3055555555555556,0.17633557568774078,0.08988534451595281,0.0
4720.0,1.3111111111111111,0.11043736580540243,0.1898025889144978,0.0
4740.0,1.3166666666666667,0.037599970069290695,0.10945311363226384,0.0
4760.0,1.3222222222222222,-0.03759997006929142,0.06599915989117387,0.0
4780.0,1.3277777777777777,-0.11043736580540313,-0.10044296545863424,-0.0
4800.0,1.3333333333333333,-0.1763355756877431,-0.17976337588395006,-0.0
4820.0,1.3388888888888888,-0.2311539728327374,-0.15524398649443766,-0.0
4840.0,1.3444444444444446,-0.2714481157398061,-0.2559857943885702,-0.0
4860.0,1.35,-0.2946861752186066,-0.27268119038322386,-0.0
4880.0,1.3555555555555556,-0.2994080185284815,-0.22483133169199976,-0.0
4900.0,1.3611111111111112,-0.28531695488854564,-0.39864820997222583,-0.0
4920.0,1.3666666666666667,-0.253298377650604,-0.3514688618119448,-0.0
4940.0,1.3722222222222222,-0.20536413177860618,-0.36749577931412275,-0.0
4960.0,1.3777777777777778,-0.14452610223051449,-0.38903377857292265,-0.0
4980.0,1.3833333333333333,-0.07460696614945672,-0.22753881795233807,-0.0
5000.0,1.3888888888888888,1.3968401277918886e-15,-0.3341564569093992,-0.0
5020.0,1.3944444444444444,0.07460696614945737,-0.2380413405298352,-0.0
5040.0,1.4,0.14452610223051507,-0.09070651574964102,-0.0
5060.0,1.4055555555555554,0.20536413177860668,-0.03217562934592996,-0.0
5080.0,1.4111111111111112,0.25329837765060437,0.028706775887723208,0.0
5100.0,1.4166666666666667,0.28531695488854647,0.027411025785146474,0.0
5120.0,1.4222222222222223,0.29940801852848153,0.045668232590104246,0.0
5140.0,1.4277777777777778,0.2946861752186065,0.07444799337675304,0.0
5160.0,1.4333333333333333,0.2714481157398058,-0.14379064354183996,-0.0
5180.0,1.4388888888888889,0.23115397283273698,-0.048507063632050026,-0.0
5200.0,1.4444444444444444,0.17633557568774252,-0.11446532702550447,-0.0
5220.0,1.45,0.11043736580540449,-0.3852720028227379,-0.0
5240.0,1.4555555555555555,0.03759997006929288,-0.45843559760164,-0.0
5260.0,1.461111111111111,-0.03759997006929346,-0.4349731873120201,-0.0
5280.0,1.4666666666666666,-0.11043736580540504,-0.462005972765359,-0.0
5300.0,1.4722222222222223,-0.17633557568774302,-0.4926791144463249,-0.0
5320.0,1.4777777777777779,-0.23115397283273736,-0.43407922181175007,-0.0
5340.0,1.4833333333333334,-0.27144811573980604,-0.25103061425630335,-0.0
5360.0,1.488888888888889,-0.2946861752186066,-0.26961567122918645,-0.0
5380.0,1.4944444444444445,-0.2994080185284815,-0.2212711077723373,-0.0
5400.0,1.5,-0.2853169548885463,-0.06513268703593897,-0.0
5420.0,1.5055555555555555,-0.2532983776506052,-0.08404507864916605,-0.0
5440.0,1.511111111111111,-0.20536413177860782,-0.015432226217065427,-0.0
5460.0,1.5166666666666666,-0.14452610223051265,-0.015111550846434998,-0.0
5480.0,1.5222222222222221,-0.07460696614945474,0.007097205949564777,0.0
5500.0,1.5277777777777777,1.3233613198430473e-15,-0.01906579288325919,-0.0
5520.0,1.5333333333333334,0.0746069661494573,-0.25609334894788094,-0.0
5540.0,1.538888888888889,0.14452610223051499,-0.19845593760279914,-0.0
5560.0,1.5444444444444445,0.2053641317786066,-0.11093083677420076,-0.0
5580.0,1.55,0.2532983776506043,-0.07903198323291617,-0.0
5600.0,1.5555555555555556,0.2853169548885458,-0.03326037767549747,-0.0
5620.0,1.5611111111111111,0.29940801852848137,-0.08457017733540331,-0.0
5640.0,1.5666666666666667,0.29468617521860613,-0.05561303393063217,-0.0
5660.0,1.5722222222222222,0.27144811573980493,-0.05651167990449449,-0.0
5680.0,1.5777777777777777,0.23115397283273567,-0.09190000100647223,-0.0
5700.0,1.5833333333333333,0.17633557568774091,0.07149394853897648,0.0
5720.0,1.5888888888888888,0.11043736580540257,0.016826362435418424,0.0
5740.0,1.5944444444444446,0.03759997006929084,-0.06150470455809573,-0.0
5760.0,1.6,-0.03759997006929128,-0.11442316768286985,-0.0
5780.0,1.6055555555555556,-0.11043736580540299,-0.20945476468524385,-0.0
5800.0,1.6111111111111112,-0.17633557568774125,-0.12572189645678783,-0.0
5820.0,1.6166666666666667,-0.23115397283273592,-0.14436727789367304,-0.0
5840.0,1.6222222222222222,-0.27144811573980693,-0.2139380336467542,-0.0
5860.0,1.6277777777777778,-0.294686175218607,-0.09253150172358587,-0.0
5880.0,1.6333333333333333,-0.29940801852848137,-0.2188872553654597,-0.0
5900.0,1.6388888888888888,-0.2853169548885457,-0.17670472134303966,-0.0
5920.0,1.6444444444444444,-0.2532983776506041,-0.2086625640696117,-0.0
5940.0,1.65,-0.20536413177860632,-0.24257957708647795,-0.0
5960.0,1.6555555555555554,-0.1445261022305146,-0.25102823175301253,-0.0
5980.0,1.6611111111111112,-0.07460696614945687,-0.3241584349568598,-0.0
6000.0,1.6666666666666667,-8.817456953860942e-16,-0.33813905518733023,-0.0
6020.0,1.6722222222222223,0.07460696614945517,-0.12137437511439113,-0.0
6040.0,1.6777777777777778,0.1445261022305168,-0.2246537823862164,-0.0
6060.0,1.6833333333333333,0.2053641317786081,0.10344201158947998,0.0
6080.0,1.6888888888888889,0.2532983776506054,0.10400226426769651,0.0
6100.0,1.6944444444444444,0.28531695488854647,0.25280513071069266,0.0
6120.0,1.7,0.29940801852848153,0.4228883109240026,0.0
6140.0,1.7055555555555555,0.2946861752186065,0.393896980653084,0.0
6160.0,1.711111111111111,0.2714481157398059,0.3891399776344351,0.0
6180.0,1.7166666666666666,0.23115397283273706,0.33621113231313643,0.0
6200.0,1.7222222222222223,0.17633557568774266,0.10455139706658262,0.0
6220.0,1.7277777777777779,0.11043736580540464,0.1330449275561748,0.0
6240.0,1.7333333333333334,0.03759997006928879,0.05351966713588949,0.0
6260.0,1.738888888888889,-0.037599970069293324,0.01664195686653637,0.0
6280.0,1.7444444444444445,-0.1104373658054049,-0.07900262291132072,-0.0
6300.0,1.75,-0.1763355756877429,-0.3023865782141702,-0.0
6320.0,1.7555555555555555,-0.23115397283273725,-0.20842697616862346,-0.0
6340.0,1.761111111111111,-0.271448115739806,-0.2923507291535254,-0.0
6360.0,1.7666666666666666,-0.29468617521860657,-0.3005844111790903,-0.0
6380.0,1.7722222222222221,-0.2994080185284815,-0.1598464325723793,-0.0
6400.0,1.7777777777777777,-0.28531695488854636,-0.1492413047014018,-0.0
6420.0,1.7833333333333334,-0.25329837765060526,-0.24380287936428896,-0.0
6440.0,1.788888888888889,-0.20536413177860482,-0.14753304758575891,-0.0
6460.0,1.7944444444444445,-0.1445261022305128,-0.2658323042623488,-0.0
6480.0,1.8,-0.07460696614945488,-0.25392569004344334,-0.0
6500.0,1.8055555555555556,1.176403703945365e-15,-0.10554606266007732,-0.0
6520.0,1.8111111111111111,0.07460696614945717,-0.09730285028814972,-0.0
6540.0,1.8166666666666667,0.14452610223051485,-0.09986347876111454,-0.0
6560.0,1.8222222222222222,0.20536413177860652,-0.11326935544667022,-0.0
6580.0,1.8277777777777777,0.2532983776506042,-0.01716260520102754,-0.0
6600.0,1.8333333333333333,0.28531695488854575,0.14564627375817507,0.0
6620.0,1.8388888888888888,0.29940801852848137,0.012341485973038043,0.0
6640.0,1.8444444444444446,0.29468617521860613,0.3135796837043532,0.0
6660.0,1.85,0.271448115739805,0.4055523380268191,0.0
6680.0,1.8555555555555556,0.23115397283273575,0.09687604659108098,0.0
6700.0,1.8611111111111112,0.176335575687741,0.1637120071903394,0.0
6720.0,1.8666666666666667,0.11043736580540273,0.32749728716810966,0.0
6740.0,1.8722222222222222,0.037599970069290986,0.15148592489843996,0.0
6760.0,1.8777777777777778,-0.03759997006929113,-0.05103380010461495,-0.0
6780.0,1.8833333333333333,-0.11043736580540285,-0.02233111714780605,-0.0
6800.0,1.8888888888888888,-0.17633557568774114,0.05600134221531534,0.0
6820.0,1.8944444444444444,-0.23115397283273584,-0.22609126385478998,-0.0
6840.0,1.9,-0.2714481157398069,-0.27931176883833964,-0.0
6860.0,1.9055555555555554,-0.29468617521860696,-0.1151265062163816,-0.0
6880.0,1.9111111111111112,-0.29940801852848137,-0.17435801171070212,-0.0
6900.0,1.9166666666666667,-0.2853169548885457,-0.25476116503416985,-0.0
6920.0,1.9222222222222223,-0.25329837765060415,-0.21482370330682005,-0.0
6940.0,1.9277777777777778,-0.2053641317786064,-0.08154053995740755,-0.0
6960.0,1.9333333333333333,-0.14452610223051474,-0.017280661365008547,-0.0
6980.0,1.9388888888888889,-0.07460696614945701,-0.041523596643166086,-0.0
7000.0,1.9444444444444444,-1.0287033112837766e-15,0.11383187928007496,0.0
7020.0,1.95,0.07460696614945501,0.17029565685035777,0.0
7040.0,1.9555555555555555,0.14452610223051665,0.09305053723535903,0.0
7060.0,1.961111111111111,0.20536413177860802,0.11914817460084899,0.0
7080.0,1.9666666666666666,0.25329837765060537,0.01250126359582694,0.0
7100.0,1.9722222222222223,0.28531695488854636,0.19783291112054097,0.0
7120.0,1.9777777777777779,0.2994080185284815,0.22778201610569976,0.0
7140.0,1.9833333333333334,0.2946861752186065,-0.02841984387440963,-0.0
7160.0,1.988888888888889,0.27144811573980593,0.07278714348477888,0.0
7180.0,1.9944444444444445,0.23115397283273717,0.1401032255324864,0.0
7200.0,2.0,0.1763355756877428,0.10060258683387441,0.0
7220.0,2.0055555555555555,0.11043736580540477,0.19194241799451336,0.0
7240.0,2.011111111111111,0.037599970069288946,0.14117235982522253,0.0
7260.0,2.0166666666666666,-0.03759997006929317,0.20077185492976837,0.0
7280.0,2.022222222222222,-0.11043736580540477,0.15228449102947772,0.0
7300.0,2.0277777777777777,-0.1763355756877428,0.10207244018167612,0.0
7320.0,2.033333333333333,-0.23115397283273717,0.12468475534512485,0.0
7340.0,2.0388888888888888,-0.27144811573980593,0.20356804830623365,0.0
7360.0,2.0444444444444443,-0.2946861752186065,-0.02999817606426605,-0.0
7380.0,2.05,-0.2994080185284815,-0.06216399738767656,-0.0
7400.0,2.0555555555555554,-0.28531695488854636,0.01933722695738581,0.0
7420.0,2.061111111111111,-0.25329837765060537,0.12810565974498167,0.0
7440.0,2.066666666666667,-0.2053641317786049,0.09085814017607918,0.0
7460.0,2.0722222222222224,-0.14452610223051293,0.05595851567091714,0.0
7480.0,2.077777777777778,-0.07460696614945501,0.06862797159510065,0.0
7500.0,2.0833333333333335,1.0294460880476826e-15,0.11155683223848029,0.0
7520.0,2.088888888888889,0.07460696614945701,0.03029568112399028,0.0
7540.0,2.0944444444444446,0.14452610223051474,0.2589651766204734,0.0
7560.0,2.1,0.2053641317786064,0.4333162272421322,0.0
7580.0,2.1055555555555556,0.25329837765060415,0.2811693666628259,0.0
7600.0,2.111111111111111,0.2853169548885457,0.37250954000288045,0.0
7620.0,2.1166666666666667,0.29940801852848165,0.31894196202915276,0.0
7640.0,2.1222222222222222,0.2946861752186062,0.3522512457953826,0.0
7660.0,2.1277777777777778,0.27144811573980504,0.30619112412186394,0.0
7680.0,2.1333333333333333,0.23115397283273584,0.2386003483814367,0.0
7700.0,2.138888888888889,0.17633557568774114,0.09347963091345263,0.0
7720.0,2.1444444444444444,0.11043736580540285,-0.08824050010356795,-0.0
7740.0,2.15,0.03759997006929113,-0.3330618767214742,-0.0
7760.0,2.1555555555555554,-0.037599970069290986,-0.3459789716512962,-0.0
7780.0,2.161111111111111,-0.11043736580540273,-0.42766247679588254,-0.0
7800.0,2.1666666666666665,-0.176335575687741,-0.3522664315702763,-0.0
7820.0,2.172222222222222,-0.23115397283273847,-0.3267356014402397,-0.0
7840.0,2.1777777777777776,-0.2714481157398068,-0.3617887659514614,-0.0
7860.0,2.183333333333333,-0.29468617521860696,-0.3457230008501833,-0.0
7880.0,2.188888888888889,-0.29940801852848137,-0.25042784629955694,-0.0
7900.0,2.1944444444444446,-0.28531695488854575,-0.16638531705251425,-0.0
7920.0,2.2,-0.2532983776506042,-0.028429065924356806,-0.0
7940.0,2.2055555555555557,-0.20536413177860652,0.10003949314029627,0.0
7960.0,2.2111111111111112,-0.14452610223051485,0.13179366238641058,0.0
7980.0,2.216666666666667,-0.07460696614945717,0.1270626702149268,0.0
8000.0,2.2222222222222223,-1.175660927181459e-15,0.16911168954721795,0.0
8020.0,2.227777777777778,0.07460696614945901,0.2558425750862436,0.0
8040.0,2.2333333333333334,0.1445261022305165,0.46941295247288994,0.0
8060.0,2.238888888888889,0.2053641317786079,0.47727397912646935,0.0
8080.0,2.2444444444444445,0.25329837765060526,0.5031884811262244,1.0
8100.0,2.25,0.28531695488854636,0.4803248787652523,0.0
8120.0,2.2555555555555555,0.2994080185284815,0.4434511820427762,0.0
8140.0,2.261111111111111,0.29468617521860657,0.23626181606432808,0.0
8160.0,2.2666666666666666,0.271448115739806,0.2156933589649327,0.0
8180.0,2.272222222222222,0.23115397283273725,0.020027355909607508,0.0
8200.0,2.2777777777777777,0.1763355756877429,-0.07179567914380885,-0.0
8220.0,2.283333333333333,0.11043736580540094,-0.2812547331431263,-0.0
8240.0,2.2888888888888888,0.037599970069289085,-0.32110692705518284,-0.0
8260.0,2.2944444444444443,-0.037599970069293026,-0.36182215944385904,-0.0
8280.0,2.3,-0.11043736580540464,-0.26205721407998844,-0.0
8300.0,2.3055555555555554,-0.17633557568774266,-0.3668044173131036,-0.0
8320.0,2.311111111111111,-0.23115397283273706,-0.18619169544373695,-0.0
8340.0,2.316666666666667,-0.2714481157398059,-0.07859694712606793,-0.0
8360.0,2.3222222222222224,-0.2946861752186065,0.011326298157453289,0.0
8380.0,2.327777777777778,-0.29940801852848153,0.03770430980955994,0.0
8400.0,2.3333333333333335,-0.28531695488854647,0.01732211637988606,0.0
8420.0,2.338888888888889,-0.2532983776506031,0.0030690811796755335,0.0
8440.0,2.3444444444444446,-0.20536413177860502,-0.02121493801481403,-0.0
8460.0,2.35,-0.14452610223051304,0.032836065853219805,0.0
8480.0,2.3555555555555556,-0.07460696614945517,0.16506835735349845,0.0
8500.0,2.361111111111111,8.824884721500002e-16,0.0817116525531106,0.0
8520.0,2.3666666666666667,0.07460696614945687,0.016279045175361058,0.0
8540.0,2.3722222222222222,0.1445261022305146,0.1384235522429386,0.0
8560.0,2.3777777777777778,0.20536413177860632,0.19617772270404354,0.0
8580.0,2.3833333333333333,0.2532983776506041,0.21769383225856542,0.0
8600.0,2.388888888888889,0.2853169548885457,0.23464537254850074,0.0
8620.0,2.3944444444444444,0.29940801852848165,0.17714437248637852,0.0
8640.0,2.4,0.2946861752186062,0.07604223815110603,0.0
8660.0,2.4055555555555554,0.27144811573980515,0.05595212962020778,0.0
8680.0,2.411111111111111,0.23115397283273592,-0.012843942157455188,-0.0
8700.0,2.4166666666666665,0.17633557568774125,-0.012820096560758963,-0.0
8720.0,2.422222222222222,0.11043736580540299,-0.13288975081241713,-0.0
8740.0,2.4277777777777776,0.03759997006929128,-0.23402928865422506,-0.0
8760.0,2.433333333333333,-0.03759997006929084,-0.21600684125837794,-0.0
8780.0,2.438888888888889,-0.11043736580540257,-0.40744339458609574,-0.0
8800.0,2.4444444444444446,-0.17633557568774091,-0.31466513307647226,-0.0
8820.0,2.45,-0.2311539728327384,-0.3456789401096698,-0.0
8840.0,2.4555555555555557,-0.27144811573980676,-0.34551662748145123,-0.0
8860.0,2.4611111111111112,-0.2946861752186069,-0.15963110388847512,-0.0
8880.0,2.466666666666667,-0.29940801852848137,-0.1361410121822572,-0.0
8900.0,2.4722222222222223,-0.2853169548885458,-0.15865799972734124,-0.0
8920.0,2.477777777777778,-0.2532983776506043,-0.015667827483651784,-0.0
8940.0,2.4833333333333334,-0.2053641317786066,0.09352897348740516,0.0
8960.0,2.488888888888889,-0.14452610223051499,0.23377319143079978,0.0
8980.0,2.4944444444444445,-0.0746069661494573,0.2536533457361959,0.0
9000.0,2.5,-1.3226185430791415e-15,0.35260612453647977,0.0
9020.0,2.5055555555555555,0.07460696614945887,0.3904825472900059,0.0
9040.0,2.511111111111111,0.1445261022305164,0.3210364909897665,0.0
9060.0,2.5166666666666666,0.20536413177860782,0.41143067299542957,0.0
9080.0,2.522222222222222,0.2532983776506052,0.31980414026069154,0.0
9100.0,2.5277777777777777,0.2853169548885463,0.25752588937770093,0.0
9120.0,2.533333333333333,0.2994080185284815,0.22416855432756552,0.0
9140.0,2.5388888888888888,0.2946861752186066,0.23280047227796244,0.0
9160.0,2.5444444444444443,0.27144811573980604,0.20823783552660333,0.0
9180.0,2.55,0.23115397283273736,0.18570099101868345,0.0
9200.0,2.5555555555555554,0.17633557568774302,0.07045471267575962,0.0
9220.0,2.561111111111111,0.11043736580540107,0.13786464537320456,0.0
9240.0,2.566666666666667,0.03759997006928924,-0.04052709875368876,-0.0
9260.0,2.5722222222222224,-0.03759997006929288,0.03149909205167316,0.0
9280.0,2.577777777777778,-0.11043736580540449,-0.06557674664978033,-0.0
9300.0,2.5833333333333335,-0.17633557568774252,-0.1475193469111047,-0.0
9320.0,2.588888888888889,-0.23115397283273698,-0.20895898345475927,-0.0
9340.0,2.5944444444444446,-0.2714481157398058,-0.3474428738878963,-0.0
9360.0,2.6,-0.2946861752186065,-0.495196268255125,-0.0
9380.0,2.6055555555555556,-0.29940801852848153,-0.4003702050164166,-0.0
9400.0,2.611111111111111,-0.2853169548885452,-0.4080600409969656,-0.0
9420.0,2.6166666666666667,-0.2532983776506032,-0.3384902779280868,-0.0
9440.0,2.6222222222222222,-0.2053641317786051,-0.36464113211134525,-0.0
9460.0,2.6277777777777778,-0.14452610223051318,-0.2127075458317819,-0.0
9480.0,2.6333333333333333,-0.0746069661494553,-0.12615651500967703,-0.0
9500.0,2.638888888888889,7.35530856252318e-16,0.05613821544458646,0.0
9520.0,2.6444444444444444,0.07460696614945672,0.21162850100579,0.0
9540.0,2.65,0.14452610223051449,0.20258457074128847,0.0
9560.0,2.6555555555555554,0.20536413177860618,0.1543389374390629,0.0
9580.0,2.661111111111111,0.253298377650604,0.0656003305399459,0.0
9600.0,2.6666666666666665,0.28531695488854697,0.19077127605233093,0.0
9620.0,2.672222222222222,0.29940801852848165,0.34989625927216994,0.0
9640.0,2.6777777777777776,0.2946861752186062,0.25956083453608014,0.0
9660.0,2.683333333333333,0.2714481157398052,0.206120729450754,0.0
9680.0,2.688888888888889,0.23115397283273603,0.03406686147740862,0.0
9700.0,2.6944444444444446,0.17633557568774136,-0.03400329596208748,-0.0
9720.0,2.7,0.11043736580540313,-0.04253497907404381,-0.0
9740.0,2.7055555555555557,0.03759997006929142,-0.06381950192149599,-0.0
9760.0,2.7111111111111112,-0.037599970069290695,-0.05757773103206695,-0.0
9780.0,2.716666666666667,-0.11043736580540243,-0.22113182122061054,-0.0
9800.0,2.7222222222222223,-0.1763355756877442,-0.4258777796066258,-0.0
9820.0,2.727777777777778,-0.2311539728327383,-0.5190534036872987,-1.0
9840.0,2.7333333333333334,-0.2714481157398067,-0.632744791096965,-1.0
9860.0,2.738888888888889,-0.29468617521860685,-0.45691743491039044,-0.0
9880.0,2.7444444444444445,-0.29940801852848137,-0.41825557154858656,-0.0
9900.0,2.75,-0.28531695488854586,-0.3462012705098276,-0.0
9920.0,2.7555555555555555,-0.25329837765060437,-0.3777083423921519,-0.0
9940.0,2.761111111111111,-0.20536413177860674,-0.32075368120879094,-0.0
9960.0,2.7666666666666666,-0.1445261022305151,-0.221593683932088,-0.0
9980.0,2.772222222222222,-0.07460696614945744,-0.11577069335723637,-0.0
10000.0,2.7777777777777777,2.7936802555837772e-15,0.08183828719989619,0.0
10020.0,2.783333333333333,0.07460696614945872,0.04736902425212021,0.0
10040.0,2.7888888888888888,0.14452610223051626,0.20072282867930735,0.0
10060.0,2.7944444444444443,0.20536413177860768,0.37340027770994283,0.0
10080.0,2.8,0.2532983776506051,0.45260291498477845,0.0
10100.0,2.8055555555555554,0.28531695488854625,0.5503368228778451,1.0
10120.0,2.811111111111111,0.2994080185284815,0.4122800909531763,0.0
10140.0,2.816666666666667,0.2946861752186066,0.4326333186013941,0.0
10160.0,2.8222222222222224,0.27144811573980615,0.43971410287083246,0.0
10180.0,2.827777777777778,0.23115397283273742,0.3978393899026312,0.0
10200.0,2.8333333333333335,0.1763355756877397,0.5266404625152165,1.0
10220.0,2.838888888888889,0.11043736580540517,0.435320647097724,0.0
10240.0,2.8444444444444446,0.037599970069289376,0.1606059958075187,0.0
10260.0,2.85,-0.03759997006928851,0.0014504678435020753,0.0
10280.0,2.8555555555555556,-0.11043736580540435,-0.08240730271324767,-0.0
10300.0,2.861111111111111,-0.17633557568774585,-0.0031731567378616926,-0.0
10320.0,2.8666666666666667,-0.2311539728327369,-0.1668112892949344,-0.0
10340.0,2.8722222222222222,-0.27144811573980754,-0.2268550783355101,-0.0
10360.0,2.8777777777777778,-0.29468617521860646,-0.23870141372634704,-0.0
10380.0,2.8833333333333333,-0.29940801852848126,-0.20307956765037183,-0.0
10400.0,2.888888888888889,-0.2853169548885465,-0.3322366841497736,-0.0
10420.0,2.8944444444444444,-0.25329837765060326,-0.09452076844237056,-0.0
10440.0,2.9,-0.20536413177860835,-0.04261456454003292,-0.0
10460.0,2.9055555555555554,-0.14452610223051332,0.02732479335728858,0.0
10480.0,2.911111111111111,-0.07460696614945958,0.03952773395699081,0.0
10500.0,2.9166666666666665,5.885732403546355e-16,0.23932632398922593,0.0
10520.0,2.922222222222222,0.07460696614946072,0.25560506167931907,0.0
10540.0,2.9277777777777776,0.14452610223051435,0.34421764446140446,0.0
10560.0,2.933333333333333,0.2053641317786092,0.29755051054802434,0.0
10580.0,2.938888888888889,0.2532983776506039,0.36381395200213545,0.0
10600.0,2.9444444444444446,0.28531695488854686,0.34450690486875357,0.0
10620.0,2.95,0.2994080185284813,0.49350112955162356,0.0
10640.0,2.9555555555555557,0.29468617521860624,0.456470418866573,0.0
10660.0,2.9611111111111112,0.27144811573980704,0.5901828309979451,1.0
10680.0,2.966666666666667,0.23115397283273614,0.5472129178108429,1.0
10700.0,2.9722222222222223,0.17633557568773803,0.5259666623648716,1.0
10720.0,2.977777777777778,0.11043736580540325,0.34617246204502317,0.0
10740.0,2.9833333333333334,0.037599970069287336,0.355286352709417,0.0
10760.0,2.988888888888889,-0.03759997006929055,0.29314130535301136,0.0
10780.0,2.9944444444444445,-0.11043736580540627,0.19367046779493655,0.0
10800.0,3.0,-0.17633557568774064,0.1899790380793348,0.0
10820.0,3.0055555555555555,-0.2311539728327382,0.09192579086732564,0.0
10840.0,3.011111111111111,-0.2714481157398048,-0.1087713182864449,-0.0
10860.0,3.0166666666666666,-0.29468617521860685,-0.19382992787729203,-0.0
10880.0,3.022222222222222,-0.29940801852848165,-0.190638206845548,-0.0
10900.0,3.0277777777777777,-0.28531695488854586,-0.05090724249559367,-0.0
10920.0,3.033333333333333,-0.2532983776506022,-0.011446005395831658,-0.0
10940.0,3.0388888888888888,-0.20536413177860685,-0.026636049554194897,-0.0
10960.0,3.0444444444444443,-0.14452610223051152,0.008940241072694366,0.0
10980.0,3.05,-0.07460696614945758,-0.05918285031701939,-0.0
11000.0,3.0555555555555554,2.6467226396860946e-15,0.16626917970557278,0.0
11020.0,3.061111111111111,0.07460696614945446,0.2438735022317436,0.0
11040.0,3.066666666666667,0.14452610223051615,0.1601060823237412,0.0
11060.0,3.0722222222222224,0.2053641317786045,0.2905623291131245,0.0
11080.0,3.077777777777778,0.25329837765060503,0.12803183696463905,0.0
11100.0,3.0833333333333335,0.2853169548885475,0.029374249316943275,0.0
11120.0,3.088888888888889,0.2994080185284815,0.11759146954709634,0.0
11140.0,3.0944444444444446,0.29468617521860585,0.08262991386678618,0.0
11160.0,3.1,0.2714481157398062,0.1563730699391903,0.0
11180.0,3.1055555555555556,0.2311539728327348,0.03126177935395716,0.0
11200.0,3.111111111111111,0.17633557568774327,0.07935610998817685,0.0
11220.0,3.1166666666666667,0.11043736580540135,0.14487385931355426,0.0
11240.0,3.1222222222222222,0.037599970069293755,0.2307583392060152,0.0
11260.0,3.1277777777777778,-0.03759997006929259,0.3130712300306486,0.0
11280.0,3.1333333333333333,-0.11043736580540818,0.3460129054404898,0.0
11300.0,3.138888888888889,-0.17633557568774233,0.24363678597536775,0.0
11320.0,3.1444444444444444,-0.2311539728327395,0.07441186972386345,0.0
11340.0,3.15,-0.2714481157398057,-0.12897657973060284,-0.0
11360.0,3.1555555555555554,-0.29468617521860724,-0.2813204794457357,-0.0
11380.0,3.161111111111111,-0.29940801852848153,-0.3474544992910296,-0.0
11400.0,3.1666666666666665,-0.28531695488854525,-0.26035146906419704,-0.0
11420.0,3.172222222222222,-0.25329837765060564,-0.3886779207808672,-0.0
11440.0,3.1777777777777776,-0.20536413177860535,-0.4259007683691533,-0.0
11460.0,3.183333333333333,-0.14452610223051718,-0.4162203839416188,-0.0
11480.0,3.188888888888889,-0.07460696614945558,-0.4372375737178042,-0.0
11500.0,3.1944444444444446,4.704872039017555e-15,-0.27565375072303866,-0.0
11520.0,3.2,0.07460696614945644,0.03527341369321792,0.0
11540.0,3.2055555555555557,0.14452610223051796,0.13222956427646806,0.0
11560.0,3.2111111111111112,0.205364131778606,0.1571931356711781,0.0
11580.0,3.216666666666667,0.2532983776506061,0.16793316713349937,0.0
11600.0,3.2222222222222223,0.2853169548885455,0.1475984309046518,0.0
11620.0,3.227777777777778,0.2994080185284816,0.32192389594225684,0.0
11640.0,3.2333333333333334,0.29468617521860707,0.24294684293171567,0.0
11660.0,3.238888888888889,0.2714481157398053,0.2617830751591906,0.0
11680.0,3.2444444444444445,0.2311539728327335,0.24227696123371606,0.0
11700.0,3.25,0.1763355756877416,0.009980803091881589,0.0
11720.0,3.2555555555555555,0.11043736580539944,0.1002633587812681,0.0
11740.0,3.261111111111111,0.037599970069291715,0.0035354107317185544,0.0
11760.0,3.2666666666666666,-0.03759997006929463,0.11698621346227883,0.0
11780.0,3.272222222222222,-0.11043736580540217,-0.04831166025845236,-0.0
11800.0,3.2777777777777777,-0.17633557568774397,-0.16761340031514874,-0.0
11820.0,3.283333333333333,-0.23115397283273537,-0.10842092072628597,-0.0
11840.0,3.2888888888888888,-0.27144811573980654,0.012613640981966304,0.0
11860.0,3.2944444444444443,-0.294686175218606,0.07189221222009065,0.0
11880.0,3.3,-0.29940801852848137,0.13584605275937284,0.0
11900.0,3.3055555555555554,-0.28531695488854464,0.09666251451849323,0.0
11920.0,3.311111111111111,-0.25329837765060453,0.22196157404823091,0.0
11940.0,3.316666666666667,-0.20536413177860385,0.04706270620857156,0.0
11960.0,3.3222222222222224,-0.14452610223051537,0.2681509841191339,0.0
11980.0,3.327777777777778,-0.0746069661494536,0.2999878498449902,0.0
12000.0,3.3333333333333335,-1.7634913907721885e-15,0.42753601380863243,0.0
12020.0,3.338888888888889,0.07460696614945844,0.394722444609707,0.0
12040.0,3.3444444444444446,0.14452610223051227,0.43322665041494157,0.0
12060.0,3.35,0.2053641317786075,0.499450899627212,0.0
12080.0,3.3555555555555556,0.2532983776506072,0.5615023725562899,1.0
12100.0,3.361111111111111,0.2853169548885462,0.5975116205073211,1.0
12120.0,3.3666666666666667,0.2994080185284817,0.5804582580054042,1.0
12140.0,3.3722222222222222,0.2946861752186067,0.46003412529796694,0.0
12160.0,3.3777777777777778,0.27144811573980443,0.3790467596661502,0.0
12180.0,3.3833333333333333,0.23115397283273764,0.2044283021125658,0.0
12200.0,3.388888888888889,0.17633557568773994,0.21797109270034734,0.0
12220.0,3.3944444444444444,0.11043736580540546,0.19657181280940048,0.0
12240.0,3.4,0.037599970069289675,0.09584325356444069,0.0
12260.0,3.4055555555555554,-0.03759997006928821,0.11720576226454076,0.0
12280.0,3.411111111111111,-0.11043736580540409,0.00114599216989771,0.0
12300.0,3.4166666666666665,-0.17633557568774563,0.04136391418801149,0.0
12320.0,3.422222222222222,-0.2311539728327367,-0.021870992360417833,-0.0
12340.0,3.4277777777777776,-0.2714481157398074,0.039364320386264,0.0
12360.0,3.433333333333333,-0.2946861752186064,0.06407456692440544,0.0
12380.0,3.438888888888889,-0.2994080185284813,-0.04268935582977719,-0.0
12400.0,3.4444444444444446,-0.28531695488854664,-0.1413075592709877,-0.0
12420.0,3.45,-0.2532983776506034,-0.12783704533592466,-0.0
12440.0,3.4555555555555557,-0.20536413177860854,-0.2780824000402544,-0.0
12460.0,3.4611111111111112,-0.14452610223051357,-0.22017979055378933,-0.0
12480.0,3.466666666666667,-0.0746069661494516,-0.26587995005526843,-0.0
12500.0,3.4722222222222223,2.946580085592708e-16,-0.05534423961759992,-0.0
12520.0,3.477777777777778,0.07460696614946043,-0.11670618584033604,-0.0
12540.0,3.4833333333333334,0.1445261022305141,0.027613087338051828,0.0
12560.0,3.488888888888889,0.205364131778609,0.15120868980375934,0.0
12580.0,3.4944444444444445,0.25329837765060376,0.16396999105174503,0.0
12600.0,3.5,0.2853169548885468,0.06290489253310166,0.0
12620.0,3.5055555555555555,0.2994080185284813,0.16044892359037585,0.0
12640.0,3.511111111111111,0.2946861752186063,0.21227221071942473,0.0
12660.0,3.5166666666666666,0.2714481157398072,0.27939920444159483,0.0
12680.0,3.522222222222222,0.23115397283273634,0.2669868812471863,0.0
12700.0,3.5277777777777777,0.17633557568773828,0.17152805537470875,0.0
12720.0,3.533333333333333,0.11043736580540355,0.1337677910084155,0.0
12740.0,3.5388888888888888,0.03759997006928763,0.005314298681104276,0.0
12760.0,3.5444444444444443,-0.03759997006929026,-0.0014182015451839614,-0.0
12780.0,3.55,-0.110437365805406,0.11900469958655872,0.0
12800.0,3.5555555555555554,-0.17633557568774041,0.2658421378676567,0.0
12820.0,3.561111111111111,-0.231153972832738,0.20606933048574264,0.0
12840.0,3.566666666666667,-0.2714481157398047,0.1804707572715086,0.0
12860.0,3.5722222222222224,-0.2946861752186068,0.07310086896925823,0.0
12880.0,3.577777777777778,-0.29940801852848115,0.03105370514942312,0.0
12900.0,3.5833333333333335,-0.28531695488854597,0.024024599125778853,0.0
12920.0,3.588888888888889,-0.2532983776506023,-0.005215477275881502,-0.0
12940.0,3.5944444444444446,-0.20536413177860705,-0.13174327440966252,-0.0
12960.0,3.6,-0.14452610223051177,-0.09334788949244571,-0.0
12980.0,3.6055555555555556,-0.07460696614945787,-0.27202561073340076,-0.0
13000.0,3.611111111111111,2.35280740789073e-15,-0.12541528088172724,-0.0
13020.0,3.6166666666666667,0.07460696614945417,-0.023401229178157443,-0.0
13040.0,3.6222222222222222,0.1445261022305159,0.118798014187876,0.0
13060.0,3.6277777777777778,0.2053641317786105,0.37522777760040693,0.0
13080.0,3.6333333333333333,0.25329837765060487,0.3466399367836493,0.0
13100.0,3.638888888888889,0.28531695488854747,0.573287281971544,1.0
13120.0,3.6444444444444444,0.2994080185284815,0.7755153044283047,1.0
13140.0,3.65,0.2946861752186059,0.7496317293442789,1.0
13160.0,3.6555555555555554,0.2714481157398063,0.7833653638892862,1.0
13180.0,3.661111111111111,0.231153972832735,0.6727217005752905,1.0
13200.0,3.6666666666666665,0.1763355756877435,0.5647716430891235,1.0
13220.0,3.672222222222222,0.11043736580540163,0.31622558154999364,0.0
13240.0,3.6777777777777776,0.037599970069294046,0.23920704321453445,0.0
13260.0,3.683333333333333,-0.0375999700692923,0.18498083469802312,0.0
13280.0,3.688888888888889,-0.11043736580540792,0.028614479728511628,0.0
13300.0,3.6944444444444446,-0.17633557568774208,0.05187817842385124,0.0
13320.0,3.7,-0.23115397283273934,-0.05267562610265747,-0.0
13340.0,3.7055555555555557,-0.27144811573980554,-0.18358518457500148,-0.0
13360.0,3.7111111111111112,-0.2946861752186072,-0.20097362336088512,-0.0
13380.0,3.716666666666667,-0.29940801852848153,-0.17768556784396897,-0.0
13400.0,3.7222222222222223,-0.28531695488854536,-0.04466335955712211,-0.0
13420.0,3.727777777777778,-0.25329837765060575,0.07489901196860524,0.0
13440.0,3.7333333333333334,-0.20536413177860555,0.12745899962973786,0.0
13460.0,3.738888888888889,-0.14452610223050996,0.0423043939834664,0.0
13480.0,3.7444444444444445,-0.07460696614945588,0.18853450901613497,0.0
13500.0,3.75,4.4109568072221896e-15,0.21435265384363192,0.0
13520.0,3.7555555555555555,0.07460696614945617,0.390601469776319,0.0
13540.0,3.761111111111111,0.14452610223051768,0.2737644467877874,0.0
13560.0,3.7666666666666666,0.20536413177860577,0.23494297958305188,0.0
13580.0,3.772222222222222,0.2532983776506059,0.2785864796416108,0.0
13600.0,3.7777777777777777,0.28531695488854547,0.2611089183683464,0.0
13620.0,3.783333333333333,0.29940801852848153,0.3859954374886983,0.0
13640.0,3.7888888888888888,0.2946861752186071,0.37889821770934823,0.0
13660.0,3.7944444444444443,0.27144811573980543,0.21024072273500938,0.0
13680.0,3.8,0.2311539728327337,0.33562033387527207,0.0
13700.0,3.8055555555555554,0.17633557568774183,0.2596480741107508,0.0
13720.0,3.811111111111111,0.11043736580539971,0.41076266229170955,0.0
13740.0,3.816666666666667,0.037599970069292006,0.43979762119978305,0.0
13760.0,3.8222222222222224,-0.03759997006929434,0.24810486763038098,0.0
13780.0,3.827777777777778,-0.1104373658054019,0.0710272679106222,0.0
13800.0,3.8333333333333335,-0.17633557568774375,-0.02031321290935144,-0.0
13820.0,3.838888888888889,-0.2311539728327352,-0.0049597592888212284,-0.0
13840.0,3.8444444444444446,-0.27144811573980643,-0.11514804299772084,-0.0
13860.0,3.85,-0.29468617521860757,-0.31133339642386576,-0.0
13880.0,3.8555555555555556,-0.2994080185284814,-0.17097972533214373,-0.0
13900.0,3.861111111111111,-0.2853169548885447,-0.1275936253674256,-0.0
13920.0,3.8666666666666667,-0.2532983776506047,-0.14741808171960502,-0.0
13940.0,3.8722222222222222,-0.20536413177860405,-0.0045817286354786725,-0.0
13960.0,3.8777777777777778,-0.14452610223051562,0.06818745172344019,0.0
13980.0,3.8833333333333333,-0.07460696614945388,0.11088083274055235,0.0
14000.0,3.888888888888889,-2.057406622567553e-15,0.14372952350464246,0.0
14020.0,3.8944444444444444,0.07460696614945815,0.25990719720273187,0.0
14040.0,3.9,0.14452610223051202,0.40926742223979473,0.0
14060.0,3.9055555555555554,0.20536413177860727,0.27619808965819287,0.0
14080.0,3.911111111111111,0.25329837765060703,0.26197117467078446,0.0
14100.0,3.9166666666666665,0.2853169548885461,0.31072348721047954,0.0
14120.0,3.922222222222222,0.2994080185284817,0.3736690687705859,0.0
14140.0,3.9277777777777776,0.29468617521860674,0.4348604783668335,0.0
14160.0,3.933333333333333,0.27144811573980454,0.29376177487653243,0.0
14180.0,3.938888888888889,0.23115397283273784,0.3130560309770364,0.0
14200.0,3.9444444444444446,0.17633557568774016,0.28341545954469133,0.0
14220.0,3.95,0.11043736580540572,0.17115889557033925,0.0
14240.0,3.9555555555555557,0.037599970069289966,0.22880248214144583,0.0
14260.0,3.9611111111111112,-0.03759997006929638,0.08028158359791816,0.0
14280.0,3.966666666666667,-0.11043736580540381,-0.003427442017807545,-0.0
14300.0,3.9722222222222223,-0.1763355756877454,0.038523765730040606,0.0
14320.0,3.977777777777778,-0.2311539728327365,-0.08894847982422084,-0.0
14340.0,3.9833333333333334,-0.2714481157398073,0.024369236002657352,0.0
14360.0,3.988888888888889,-0.29468617521860635,0.03381559353610933,0.0
14380.0,3.9944444444444445,-0.2994080185284813,0.07155633359647866,0.0
14400.0,4.0,-0.2853169548885467,-0.0162650969818713,-0.0
14420.0,4.0055555555555555,-0.2532983776506036,0.051270743278902194,0.0
14440.0,4.011111111111111,-0.20536413177860877,0.17798188547021787,0.0
14460.0,4.016666666666667,-0.14452610223051382,0.18832060440132248,0.0
14480.0,4.022222222222222,-0.07460696614945189,0.10537271221088772,0.0
14500.0,4.027777777777778,7.427767639060292e-19,0.24168675803048037,0.0
14520.0,4.033333333333333,0.07460696614946015,0.1537934667374127,0.0
14540.0,4.038888888888889,0.14452610223051382,0.16783500247873506,0.0
14560.0,4.044444444444444,0.20536413177860877,0.09126818058984842,0.0
14580.0,4.05,0.2532983776506036,0.2808965956675589,0.0
14600.0,4.055555555555555,0.2853169548885467,0.040580569263597335,0.0
14620.0,4.061111111111111,0.2994080185284813,-0.03738956269226425,-0.0
14640.0,4.066666666666666,0.29468617521860635,-0.006972842187995321,-0.0
14660.0,4.072222222222222,0.27144811573980365,-0.14085402502879135,-0.0
14680.0,4.0777777777777775,0.2311539728327365,-0.20044093606826655,-0.0
14700.0,4.083333333333333,0.1763355756877385,-0.1888545390409221,-0.0
14720.0,4.088888888888889,0.11043736580540381,-0.18536278184108954,-0.0
14740.0,4.094444444444444,0.03759997006928792,-0.1361846243517132,-0.0
14760.0,4.1,-0.037599970069289966,-0.2662861157157078,-0.0
14780.0,4.105555555555555,-0.11043736580540572,-0.12949585072919761,-0.0
14800.0,4.111111111111111,-0.17633557568774016,-0.12281279653579391,-0.0
14820.0,4.116666666666666,-0.23115397283273784,-0.18373018398574226,-0.0
14840.0,4.122222222222222,-0.27144811573980454,-0.21601735820714454,-0.0
14860.0,4.127777777777778,-0.29468617521860674,-0.2506942117668036,-0.0
14880.0,4.133333333333334,-0.29940801852848115,-0.22145230092471235,-0.0
14900.0,4.138888888888889,-0.2853169548885461,-0.26553411951468425,-0.0
14920.0,4.144444444444445,-0.2532983776506025,-0.3534699162013091,-0.0
14940.0,4.15,-0.20536413177860727,-0.18290631621558529,-0.0
14960.0,4.155555555555556,-0.14452610223051202,-0.20387435975059628,-0.0
14980.0,4.161111111111111,-0.07460696614945815,-0.17076942238277434,-0.0
15000.0,4.166666666666667,2.058892176095365e-15,-0.05088260181869872,-0.0
15020.0,4.1722222222222225,0.07460696614945388,0.13206579770796922,0.0
15040.0,4.177777777777778,0.14452610223051562,0.2787755177347063,0.0
15060.0,4.183333333333334,0.20536413177861026,0.14469358606588023,0.0
15080.0,4.188888888888889,0.2532983776506047,0.14570065294316403,0.0
15100.0,4.194444444444445,0.28531695488854736,0.1502090526974683,0.0
15120.0,4.2,0.2994080185284814,0.14697179937538463,0.0
15140.0,4.205555555555556,0.29468617521860596,0.21065535970527363,0.0
15160.0,4.211111111111111,0.27144811573980643,0.14242043995299739,0.0
15180.0,4.216666666666667,0.2311539728327352,0.038846049186501475,0.0
15200.0,4.222222222222222,0.17633557568774375,0.042739867590355994,0.0
15220.0,4.227777777777778,0.1104373658054019,-0.17188688117049042,-0.0
15240.0,4.233333333333333,0.03759997006928588,-0.0654604814656527,-0.0
15260.0,4.238888888888889,-0.037599970069292006,-0.05801616151864475,-0.0
15280.0,4.2444444444444445,-0.11043736580540764,0.008674137308997123,0.0
15300.0,4.25,-0.17633557568774183,-0.15296659094313425,-0.0
15320.0,4.2555555555555555,-0.23115397283273914,-0.2915005107606405,-0.0
15340.0,4.261111111111111,-0.27144811573980543,-0.24878471685803122,-0.0
15360.0,4.266666666666667,-0.2946861752186071,-0.19588051673738177,-0.0
15380.0,4.272222222222222,-0.29940801852848153,-0.19834576394354966,-0.0
15400.0,4.277777777777778,-0.28531695488854547,0.0074284126959820946,0.0
15420.0,4.283333333333333,-0.2532983776506059,0.10446572315500234,0.0
15440.0,4.288888888888889,-0.20536413177860577,0.05201685708779401,0.0
15460.0,4.294444444444444,-0.14452610223051024,-0.06894726248812846,-0.0
15480.0,4.3,-0.07460696614945617,0.11746431044390859,0.0
15500.0,4.305555555555555,4.117041575426824e-15,0.2988490992133645,0.0
15520.0,4.311111111111111,0.07460696614945588,0.41319209073421775,0.0
15540.0,4.316666666666666,0.14452610223051743,0.5516292729822252,1.0
15560.0,4.322222222222222,0.20536413177860555,0.6431351592800385,1.0
15580.0,4.3277777777777775,0.2532983776506058,0.588818512480649,1.0
15600.0,4.333333333333333,0.28531695488854536,0.574137175164087,1.0
15620.0,4.338888888888889,0.29940801852848153,0.7499070533432927,1.0
15640.0,4.344444444444444,0.2946861752186056,0.8717528901274607,1.0
15660.0,4.35,0.27144811573980554,0.7880431170780202,1.0
15680.0,4.355555555555555,0.23115397283273387,0.6536368399042278,1.0
15700.0,4.361111111111111,0.17633557568774208,0.47288951195631973,0.0
15720.0,4.366666666666666,0.11043736580539998,0.17996384156146125,0.0
15740.0,4.372222222222222,0.0375999700692923,-0.0207467120608964,-0.0
15760.0,4.377777777777778,-0.037599970069294046,-0.11224921053344485,-0.0
15780.0,4.383333333333334,-0.11043736580540163,-0.2379442456089411,-0.0
15800.0,4.388888888888889,-0.1763355756877435,-0.4882157675199033,-0.0
15820.0,4.394444444444445,-0.231153972832735,-0.5497620402026526,-1.0
15840.0,4.4,-0.2714481157398063,-0.5848665120790854,-1.0
15860.0,4.405555555555556,-0.2946861752186075,-0.5865088667385928,-1.0
15880.0,4.411111111111111,-0.2994080185284815,-0.5500799388085086,-1.0
15900.0,4.416666666666667,-0.2853169548885448,-0.39365712555011556,-0.0
15920.0,4.4222222222222225,-0.25329837765060487,-0.25666895432205344,-0.0
15940.0,4.427777777777778,-0.20536413177860424,-0.05721937738969326,-0.0
15960.0,4.433333333333334,-0.1445261022305159,0.032483546971871474,0.0
15980.0,4.438888888888889,-0.07460696614945417,0.31149193960618676,0.0
16000.0,4.444444444444445,-2.351321854362918e-15,0.39876778847033617,0.0
16020.0,4.45,0.07460696614945787,0.44823178755815096,0.0
16040.0,4.455555555555556,0.14452610223051923,0.46992830093104154,0.0
16060.0,4.461111111111111,0.20536413177860705,0.3460602617891209,0.0
16080.0,4.466666666666667,0.2532983776506069,0.33261624125430633,0.0
16100.0,4.472222222222222,0.28531695488854597,0.2820861930130521,0.0
16120.0,4.477777777777778,0.2994080185284817,0.17967574677379314,0.0
16140.0,4.483333333333333,0.2946861752186068,0.11445903944257847,0.0
16160.0,4.488888888888889,0.27144811573980465,0.07369180325899302,0.0
16180.0,4.4944444444444445,0.231153972832738,0.08309862478580067,0.0
16200.0,4.5,0.17633557568774041,0.08729229545332567,0.0
16220.0,4.5055555555555555,0.110437365805406,-0.12846337073898947,-0.0
16240.0,4.511111111111111,0.03759997006929026,0.09952853697653051,0.0
16260.0,4.516666666666667,-0.037599970069296086,-0.023845537182481676,-0.0
16280.0,4.522222222222222,-0.11043736580540355,-0.1773865975535665,-0.0
16300.0,4.527777777777778,-0.17633557568774516,-0.27952353799262447,-0.0
16320.0,4.533333333333333,-0.23115397283273634,-0.19281246453343226,-0.0
16340.0,4.538888888888889,-0.2714481157398072,-0.292400312877565,-0.0
16360.0,4.544444444444444,-0.2946861752186063,-0.4892505121382066,-0.0
16380.0,4.55,-0.2994080185284813,-0.6017386034143458,-1.0
16400.0,4.555555555555555,-0.2853169548885468,-0.42403835979507803,-0.0
16420.0,4.561111111111111,-0.25329837765060376,-0.46602727880587264,-0.0
16440.0,4.566666666666666,-0.20536413177860274,-0.3241324169328974,-0.0
16460.0,4.572222222222222,-0.14452610223051407,-0.07414041086779163,-0.0
16480.0,4.5777777777777775,-0.07460696614945217,-0.04381303634623554,-0.0
16500.0,4.583333333333333,-2.9317245503145873e-16,-0.05932432511705221,-0.0
16520.0,4.588888888888889,0.07460696614945987,-0.04144455643592773,-0.0
16540.0,4.594444444444444,0.14452610223051357,0.28054823588446043,0.0
16560.0,4.6,0.20536413177860854,0.4605534844367259,0.0
16580.0,4.605555555555555,0.2532983776506034,0.5268464745416161,1.0
16600.0,4.611111111111111,0.28531695488854664,0.5484624796644398,1.0
16620.0,4.616666666666666,0.2994080185284813,0.5020412515352277,1.0
16640.0,4.622222222222222,0.2946861752186064,0.4873036463345207,0.0
16660.0,4.627777777777778,0.2714481157398038,0.40642997598018926,0.0
16680.0,4.633333333333334,0.2311539728327367,0.35334483810780903,0.0
16700.0,4.638888888888889,0.17633557568773875,0.24347358189816484,0.0
16720.0,4.644444444444445,0.11043736580540409,0.14098923832558138,0.0
16740.0,4.65,0.03759997006928821,-0.04779411471403269,-0.0
16760.0,4.655555555555556,-0.037599970069289675,-0.13492437933251872,-0.0
16780.0,4.661111111111111,-0.11043736580540546,-0.1778164886064707,-0.0
16800.0,4.666666666666667,-0.17633557568773994,-0.11839232679747444,-0.0
16820.0,4.6722222222222225,-0.23115397283273764,-0.24893756971852493,-0.0
16840.0,4.677777777777778,-0.27144811573980804,-0.26536112149574353,-0.0
16860.0,4.683333333333334,-0.2946861752186067,-0.31347249876115124,-0.0
16880.0,4.688888888888889,-0.2994080185284812,-0.20550760438665663,-0.0
16900.0,4.694444444444445,-0.2853169548885462,-0.3753217301379116,-0.0
16920.0,4.7,-0.25329837765060265,-0.2509576101474457,-0.0
16940.0,4.705555555555556,-0.2053641317786075,-0.10506626555124518,-0.0
16960.0,4.711111111111111,-0.14452610223051227,0.02141242851108137,0.0
16980.0,4.716666666666667,-0.07460696614945843,0.028285586565741414,0.0
17000.0,4.722222222222222,1.7649769443000004e-15,0.12010446551953387,0.0
17020.0,4.727777777777778,0.07460696614946186,0.21050595883314105,0.0
17040.0,4.733333333333333,0.14452610223051537,0.4169322729658018,0.0
17060.0,4.738888888888889,0.20536413177861004,0.37113230546686177,0.0
17080.0,4.7444444444444445,0.25329837765060453,0.47625402880286966,0.0
17100.0,4.75,0.28531695488854725,0.5299650299987072,1.0
17120.0,4.7555555555555555,0.2994080185284814,0.5696145264212648,1.0
17140.0,4.761111111111111,0.294686175218606,0.38592694962554563,0.0
17160.0,4.766666666666667,0.27144811573980654,0.3861875338204741,0.0
17180.0,4.772222222222222,0.23115397283273537,0.3202147115479373,0.0
17200.0,4.777777777777778,0.17633557568774397,0.35242496992099875,0.0
17220.0,4.783333333333333,0.11043736580540217,0.04981348727527411,0.0
17240.0,4.788888888888889,0.03759997006928617,0.03799619610648815,0.0
17260.0,4.794444444444444,-0.037599970069291715,-0.03144523951468556,-0.0
17280.0,4.8,-0.11043736580540738,-0.1110794639475616,-0.0
17300.0,4.805555555555555,-0.1763355756877416,-0.2327760276364589,-0.0
17320.0,4.811111111111111,-0.23115397283273892,-0.12139957395384138,-0.0
17340.0,4.816666666666666,-0.2714481157398053,-0.21208120191721896,-0.0
17360.0,4.822222222222222,-0.29468617521860707,-0.34901231279571393,-0.0
17380.0,4.8277777777777775,-0.2994080185284816,-0.4030711678634884,-0.0
17400.0,4.833333333333333,-0.2853169548885455,-0.12667346208029756,-0.0
17420.0,4.838888888888889,-0.25329837765060154,-0.23533016597277598,-0.0
17440.0,4.844444444444444,-0.205364131778606,0.002808797761710465,0.0
17460.0,4.85,-0.1445261022305105,0.019607327589372583,0.0
17480.0,4.855555555555555,-0.07460696614945644,0.06373954204313945,0.0
17500.0,4.861111111111111,3.82312634363146e-15,0.028401916642668994,0.0
17520.0,4.866666666666666,0.0746069661494556,0.055166569468955914,0.0
17540.0,4.872222222222222,0.14452610223051718,0.2644362018600776,0.0
17560.0,4.877777777777778,0.20536413177860535,0.3413172149014434,0.0
17580.0,4.883333333333334,0.25329837765060564,0.21619624076387275,0.0
17600.0,4.888888888888889,0.28531695488854525,0.48388925097650126,0.0
17620.0,4.894444444444445,0.29940801852848153,0.3972093698846712,0.0
17640.0,4.9,0.29468617521860563,0.4928240095781972,0.0
17660.0,4.905555555555556,0.2714481157398057,0.3769395639143073,0.0
17680.0,4.911111111111111,0.23115397283273406,0.35547312880897003,0.0
17700.0,4.916666666666667,0.17633557568774233,0.3573247034717177,0.0
17720.0,4.9222222222222225,0.11043736580540026,0.37952318944001473,0.0
17740.0,4.927777777777778,0.03759997006929259,0.3120121388109837,0.0
17760.0,4.933333333333334,-0.037599970069293755,0.18933650472761332,0.0
17780.0,4.938888888888889,-0.11043736580540135,0.019033243660126313,0.0
17800.0,4.944444444444445,-0.17633557568774327,-0.16311397477023393,-0.0
17820.0,4.95,-0.23115397283274025,-0.27167001856131295,-0.0
17840.0,4.955555555555556,-0.2714481157398062,-0.3001275277520025,-0.0
17860.0,4.961111111111111,-0.29468617521860746,-0.36104196518974274,-0.0
17880.0,4.966666666666667,-0.2994080185284815,-0.26861856316051624,-0.0
17900.0,4.972222222222222,-0.28531695488854486,-0.4417171296147082,-0.0
17920.0,4.977777777777778,-0.25329837765060503,,
17940.0,4.983333333333333,-0.2053641317786045,,
17960.0,4.988888888888889,-0.14452610223051615,,
17980.0,4.9944444444444445,-0.07460696614945446,,
